#{"t_start": 1776094817.1751578, "env_id": "None"}
r,l,t
12.75,18,1.514233
13.35,18,1.529525
-8.95,18,1.541314
12.35,18,1.551212
14.25,18,1.563441
2.55,18,1.575978
-8.6,18,1.587734
-9.35,18,1.59736
-7.95,18,1.605993
-9.15,18,1.611276
-8.05,18,1.619725
-8.7,18,1.619725
14.15,18,1.637856
14.1,18,1.641728
12.35,18,1.792979
13.35,18,1.804914
-8.5,18,1.817995
12.15,18,1.832175
-8.35,18,1.842191
-7.3,18,1.853399
2.0,18,1.866368
-8.85,18,1.878381
12.1,18,1.889001
13.55,18,1.898876
-9.15,18,1.910629
13.05,18,1.91889
13.0,18,1.929686
-9.25,18,1.940125
-8.3,18,1.992789
15.4,18,2.015834
14.2,18,2.028945
14.3,18,2.043864
11.95,18,2.055552
-8.95,18,2.06585
-8.4,18,2.080219
12.15,18,2.089542
15.95,18,2.10069
12.1,18,2.111273
-7.6,18,2.122098
16.8,18,2.132142
-9.1,18,2.142463
-8.35,18,2.154727
14.05,18,2.201503
15.35,18,2.209991
-8.45,18,2.220672
-8.65,18,2.231591
14.6,18,2.241246
13.2,18,2.251491
-8.65,18,2.262816
-8.1,18,2.273781
3.1,18,2.287664
-8.05,18,2.298685
-6.65,18,2.310101
-9.2,18,2.319993
-7.8,18,2.331244
13.65,18,2.340354
1.7,18,2.382627
13.45,18,2.394876
1.85,18,2.405479
13.5,18,2.416967
-8.6,18,2.426992
-8.0,18,2.437158
-7.65,18,2.447849
14.7,18,2.45937
13.4,18,2.469602
-8.4,18,2.479735
2.05,18,2.491743
14.05,18,2.504564
14.7,18,2.516689
-8.45,18,2.527117
1.85,18,2.538219
-8.45,18,2.582686
11.95,18,2.593271
-8.5,18,2.607013
-8.65,18,2.616985
-8.35,18,2.627552
11.8,18,2.64016
-8.5,18,2.649428
-8.75,18,2.660589
12.85,18,2.673975
11.7,18,2.684836
-8.35,18,2.695877
12.3,18,2.708233
-7.55,18,2.720858
12.6,18,2.731796
-8.25,18,2.786621
-9.0,18,2.797561
12.05,18,2.806964
-8.75,18,2.817146
13.4,18,2.829441
-7.1,18,2.839866
12.0,18,2.851564
12.0,18,2.863719
-8.5,18,2.871952
11.85,18,2.883942
14.0,18,2.89856
13.05,18,2.908656
12.0,18,2.92054
12.2,18,2.932728
13.05,18,2.979171
12.9,18,2.986583
-8.85,18,2.99884
12.8,18,3.004908
-7.2,18,3.016936
-8.35,18,3.027366
12.95,18,3.039179
2.0,18,3.051445
-8.85,18,3.062495
-8.45,18,3.071633
11.65,18,3.08638
1.4,18,3.097936
13.45,18,3.110596
2.6,18,3.120084
-8.85,18,3.167202
13.25,18,3.180556
15.75,18,3.188643
12.3,18,3.203398
-7.9,18,3.210992
-9.1,18,3.222949
12.6,18,3.233152
12.1,18,3.243386
11.95,18,3.25545
1.95,18,3.266086
12.45,18,3.27882
-8.75,18,3.289688
3.0,18,3.296057
-8.6,18,3.307811
-8.25,18,3.32006
12.35,18,3.411308
13.1,18,3.422988
-7.9,18,3.433269
13.9,18,3.443147
12.3,18,3.453228
11.95,18,3.4593
-9.55,18,3.471439
13.9,18,3.478214
-8.65,18,3.495672
-6.9,18,3.505821
2.15,18,3.515943
-7.9,18,3.519958
12.6,18,3.536308
-7.8,18,3.546536
-8.1,18,3.595997
12.4,18,3.609168
13.2,18,3.619521
-7.4,18,3.630157
12.0,18,3.642231
-7.5,18,3.654689
-8.6,18,3.668024
-8.6,18,3.680613
12.0,18,3.691692
-8.75,18,3.701745
-8.75,18,3.714144
-6.3,18,3.726074
2.1,18,3.738053
-7.2,18,3.752408
-8.05,18,3.80846
-7.6,18,3.818892
13.35,18,3.831824
-7.95,18,3.840804
-9.0,18,3.853213
13.1,18,3.865337
-8.8,18,3.875671
14.05,18,3.887635
-7.85,18,3.900436
14.05,18,3.912627
-8.25,18,3.926074
1.5,18,3.936215
14.45,18,3.945193
12.6,18,3.956761
-8.4,18,4.005193
2.0,18,4.017431
12.4,18,4.029547
-7.6,18,4.04109
-8.3,18,4.053945
12.65,18,4.06385
13.35,18,4.074128
12.1,18,4.086496
14.0,18,4.097301
12.35,18,4.108397
-8.6,18,4.120711
-7.8,18,4.131013
14.05,18,4.139831
-8.7,18,4.152215
12.9,18,4.198886
1.85,18,4.209384
-8.6,18,4.219605
-8.35,18,4.230077
-7.4,18,4.241046
-7.2,18,4.253178
13.75,18,4.263323
-8.95,18,4.27377
12.8,18,4.283468
-7.25,18,4.291652
12.45,18,4.303987
-7.75,18,4.311959
13.4,18,4.324149
14.15,18,4.333977
-6.35,18,4.345274
-6.9,18,4.386504
14.0,18,4.401045
15.2,18,4.411043
13.4,18,4.416955
-7.1,18,4.431121
-8.3,18,4.443156
13.0,18,4.447279
12.15,18,4.464878
12.65,18,4.473756
-8.9,18,4.483454
-8.0,18,4.495572
-6.5,18,4.505867
-8.55,18,4.516063
-9.1,18,4.531942
-8.1,18,4.582575
-7.45,18,4.58872
-7.45,18,4.601269
13.25,18,4.610932
-9.4,18,4.616796
-8.55,18,4.631243
1.75,18,4.640967
-8.95,18,4.647384
-8.8,18,4.661621
-7.85,18,4.67281
1.9,18,4.685434
2.95,18,4.696833
12.1,18,4.731959
-9.65,18,4.739829
-8.35,18,4.788476
11.25,18,4.798826
1.5,18,4.80893
-8.9,18,4.816822
11.5,18,4.828963
12.05,18,4.839034
14.2,18,4.847026
-6.65,18,4.858384
-7.5,18,4.868908
12.1,18,4.880552
12.15,18,4.893041
14.6,18,4.903698
12.2,18,4.913802
12.85,18,4.922363
-9.0,18,4.96843
14.0,18,4.9825
-8.55,18,4.993411
-7.95,18,5.004562
12.25,18,5.01515
-8.75,18,5.023263
11.95,18,5.033468
-8.35,18,5.040965
-8.0,18,5.053098
-7.25,18,5.063612
-9.1,18,5.073682
1.95,18,5.085432
-7.65,18,5.096624
-8.85,18,5.107669
14.45,18,5.116133
14.25,18,5.162177
13.35,18,5.173108
-7.3,18,5.182381
-9.0,18,5.192461
-8.35,18,5.205787
12.6,18,5.218734
-7.9,18,5.228607
14.4,18,5.235119
-8.85,18,5.247006
-8.1,18,5.257275
-8.75,18,5.265544
13.35,18,5.279794
12.15,18,5.291835
-8.35,18,5.303835
-8.6,18,5.346516
-7.7,18,5.356109
12.05,18,5.368367
4.0,18,5.378934
12.3,18,5.390615
1.5,18,5.402766
13.2,18,5.414837
-8.7,18,5.671603
-7.45,18,5.677407
12.1,18,5.6895
-8.3,18,5.695657
12.25,18,5.702011
12.0,18,5.707688
2.2,18,5.719717
12.75,18,5.768209
14.45,18,5.776771
-8.05,18,5.786534
-7.75,18,5.797149
3.85,18,5.807005
-9.0,18,5.817111
-7.6,18,5.828786
13.15,18,5.840965
15.75,18,5.851265
-8.1,18,5.860037
13.95,18,5.869159
13.95,18,5.881453
-7.7,18,5.890004
13.4,18,5.901509
12.0,18,5.948386
-9.2,18,5.962048
11.8,18,5.974495
14.0,18,5.986356
12.8,18,5.992505
2.75,18,6.00465
-8.35,18,6.016634
-7.35,18,6.027298
14.3,18,6.037914
-8.65,18,6.048707
14.35,18,6.059139
12.05,18,6.082123
-7.2,18,6.094021
-8.35,18,6.103882
-8.6,18,6.150976
13.2,18,6.160325
13.75,18,6.172477
-8.35,18,6.182314
2.25,18,6.198278
13.05,18,6.216645
-8.45,18,6.233379
-8.75,18,6.243211
13.05,18,6.253483
13.75,18,6.263477
2.0,18,6.27133
12.95,18,6.283306
-9.4,18,6.293788
-9.35,18,6.305878
12.45,18,6.318422
12.15,18,6.36424
14.25,18,6.368141
-7.8,18,6.386306
3.65,18,6.396669
12.7,18,6.405843
2.15,18,6.416629
3.65,18,6.428947
13.0,18,6.438799
1.8,18,6.447014
-8.4,18,6.457199
11.85,18,6.467432
2.0,18,6.48139
-8.2,18,6.493643
2.85,18,6.504223
-7.4,18,6.548798
2.0,18,6.558247
14.1,18,6.5705
13.95,18,6.580252
13.05,18,6.590062
14.6,18,6.6027
13.15,18,6.613438
14.0,18,6.626131
15.8,18,6.63678
-8.75,18,6.646881
12.25,18,6.655041
13.05,18,6.665143
12.65,18,6.675515
1.75,18,6.685313
-8.15,18,6.738323
13.15,18,6.74869
11.95,18,6.758718
-7.6,18,6.768096
-7.15,18,6.780232
-6.65,18,6.78667
16.3,18,6.79846
12.25,18,6.804578
2.55,18,6.819327
-7.65,18,6.829921
1.75,18,6.842858
12.65,18,6.853125
-7.9,18,6.863473
-7.45,18,6.873401
13.65,18,6.917274
12.3,18,6.926437
14.35,18,6.937834
2.1,18,6.949073
2.95,18,6.958163
-7.7,18,6.968827
-7.45,18,6.97827
13.4,18,6.986243
12.75,18,6.998393
-7.85,18,7.004622
12.2,18,7.016861
13.45,18,7.032911
12.0,18,7.044569
-8.85,18,7.054985
13.5,18,7.063085
-7.5,18,7.107531
1.95,18,7.119942
12.55,18,7.13172
-8.45,18,7.141986
13.15,18,7.151899
14.1,18,7.161989
13.6,18,7.172516
12.05,18,7.184945
-8.45,18,7.19468
13.4,18,7.204345
-7.45,18,7.216595
15.7,18,7.22876
12.7,18,7.24303
-7.75,18,7.254615
-8.0,18,7.34129
12.05,18,7.353154
12.9,18,7.365038
1.75,18,7.374595
-6.7,18,7.386286
2.3,18,7.396283
12.3,18,7.404581
1.35,18,7.418174
-9.35,18,7.472543
13.4,18,7.483215
13.55,18,7.493442
-8.55,18,7.504416
-7.9,18,7.515585
-8.7,18,7.527676
12.8,18,7.574194
13.0,18,7.583463
12.8,18,7.594309
-9.2,18,7.604484
-7.8,18,7.614365
-8.05,18,7.624487
14.5,18,7.636836
-9.45,18,7.644894
11.7,18,7.655092
-8.3,18,7.664949
-8.55,18,7.677849
11.9,18,7.689353
13.5,18,7.70013
13.5,18,7.709426
13.8,18,7.753041
-8.55,18,7.762679
12.85,18,7.774036
13.55,18,7.786659
-9.3,18,7.799392
-8.7,18,7.810731
12.85,18,7.820514
14.4,18,7.830763
-8.55,18,7.840656
-8.55,18,7.848859
-8.15,18,7.858952
-6.05,18,7.868953
-7.6,18,7.879312
12.5,18,7.889533
13.9,18,7.935649
13.05,18,7.946446
-7.35,18,7.955961
13.8,18,7.965257
12.9,18,7.97414
-8.9,18,7.982733
1.85,18,7.996167
-7.7,18,8.009867
-9.25,18,8.020687
13.75,18,8.032435
-8.35,18,8.040764
-8.6,18,8.05271
2.8,18,8.061304
2.95,18,8.071057
14.15,18,8.08081
2.0,18,8.135892
13.0,18,8.147416
1.95,18,8.158779
11.85,18,8.169601
13.7,18,8.18023
2.95,18,8.19049
-7.75,18,8.200278
12.2,18,8.212372
14.8,18,8.223454
13.25,18,8.236877
1.95,18,8.248758
13.15,18,8.258885
-7.2,18,8.270074
13.5,18,8.277854
-8.4,18,8.32024
2.15,18,8.337685
-8.4,18,8.347746
-6.25,18,8.358138
-8.55,18,8.370267
2.85,18,8.380247
-8.85,18,8.388169
-8.6,18,8.399369
13.0,18,8.41219
1.8,18,8.423571
12.5,18,8.432593
12.1,18,8.442912
11.55,18,8.454914
14.95,18,8.465011
-7.5,18,8.509273
-9.0,18,8.513288
15.1,18,8.525617
13.55,18,8.542199
2.2,18,8.551513
12.35,18,8.561859
11.9,18,8.571864
-7.25,18,8.582153
-7.45,18,8.592266
13.9,18,8.600513
13.5,18,8.613132
13.0,18,8.622571
12.25,18,8.634962
-7.3,18,8.646749
-9.35,18,8.69137
2.95,18,8.699137
-9.0,18,8.70936
12.1,18,8.719114
14.7,18,8.727715
-6.55,18,8.737761
-7.7,18,8.748075
14.3,18,8.756699
13.95,18,8.771636
-7.9,18,8.785095
-9.2,18,8.83457
1.75,18,8.846761
-8.7,18,8.860805
13.4,18,8.86935
2.3,18,8.88233
12.0,18,8.925469
-8.1,18,8.933698
12.65,18,8.946042
12.15,18,8.955863
11.95,18,8.972072
-9.05,18,8.992134
-8.6,18,9.002218
13.25,18,9.014003
13.6,18,9.024557
-8.75,18,9.036564
13.0,18,9.046743
-8.55,18,9.056871
-7.8,18,9.066898
13.85,18,9.080454
12.8,18,9.125384
-8.8,18,9.136134
-8.4,18,9.145853
14.2,18,9.155812
17.0,18,9.163875
1.9,18,9.172826
14.5,18,9.188143
-8.35,18,9.201641
14.45,18,9.212364
14.85,18,9.222552
13.35,18,9.234953
12.25,18,9.243014
12.15,18,9.257038
-8.45,18,9.268929
12.2,18,9.313316
12.5,18,9.323507
-8.25,18,9.335544
15.75,18,9.347898
14.25,18,9.359845
-9.15,18,9.371779
12.55,18,9.384707
-7.3,18,9.400542
2.15,18,9.412029
-8.7,18,9.418694
13.6,18,9.430856
1.85,18,9.444035
-8.6,18,9.452728
-8.75,18,9.452728
12.05,18,9.507141
-8.2,18,9.732193
12.45,18,9.739187
1.45,18,9.746713
-9.1,18,9.755773
-8.05,18,9.761791
12.35,18,9.761791
-9.3,18,9.774057
12.7,18,9.786161
11.8,18,9.792274
-8.8,18,9.792274
2.45,18,9.804358
13.5,18,9.804358
13.4,18,9.82268
-5.5,18,9.874912
12.2,18,9.885039
13.5,18,9.893241
-8.5,18,9.903428
1.05,18,9.915189
-8.65,18,9.925477
12.25,18,9.939571
12.8,18,9.948973
12.05,18,9.96117
-7.0,18,9.972007
-8.25,18,9.982771
-8.9,18,9.992068
-8.0,18,10.002212
3.5,18,10.012387
-8.6,18,10.024569
11.8,18,10.078863
11.6,18,10.091096
3.15,18,10.101627
12.05,18,10.11465
-7.1,18,10.125404
12.35,18,10.136611
13.35,18,10.185946
-9.2,18,10.196105
11.75,18,10.197848
-6.75,18,10.216368
-8.6,18,10.226429
12.75,18,10.238788
-8.7,18,10.24857
3.4,18,10.260777
-8.75,18,10.311334
-7.55,18,10.321349
-8.35,18,10.333597
11.85,18,10.343615
-7.95,18,10.357946
12.05,18,10.371242
12.1,18,10.382039
11.8,18,10.395087
-8.3,18,10.402281
13.45,18,10.413455
-8.75,18,10.425088
2.25,18,10.4348
12.65,18,10.448644
-8.4,18,10.458839
-8.25,18,10.508743
-7.4,18,10.520836
-8.2,18,10.531422
-8.8,18,10.543508
-9.1,18,10.553426
13.55,18,10.563177
1.45,18,10.576935
-6.5,18,10.585498
-7.9,18,10.594706
1.4,18,10.604107
-8.7,18,10.613374
13.7,18,10.623471
-8.1,18,10.63338
12.55,18,10.642651
12.25,18,10.688004
-8.45,18,10.700004
-8.35,18,10.707112
-8.65,18,10.71887
11.95,18,10.728623
13.2,18,10.737738
13.3,18,10.747305
1.85,18,10.757342
-8.6,18,10.767184
-8.65,18,10.776964
12.5,18,10.78867
2.65,18,10.800063
-8.55,18,10.810918
12.9,18,10.820101
-6.75,18,10.828311
-8.6,18,10.868369
-8.55,18,10.879998
-8.25,18,10.887748
-8.25,18,10.896045
-8.85,18,10.907895
12.05,18,10.920014
13.0,18,10.92961
13.6,18,10.939576
14.15,18,10.949459
13.7,18,10.957209
12.3,18,10.970906
-8.45,18,10.979861
13.1,18,10.990021
13.0,18,10.999151
14.65,18,11.044458
11.7,18,11.054319
12.6,18,11.062348
13.35,18,11.072384
13.5,18,11.082154
11.75,18,11.091018
2.05,18,11.102446
1.9,18,11.114201
11.7,18,11.125424
12.35,18,11.137424
-8.6,18,11.147163
12.55,18,11.156312
12.05,18,11.167042
15.15,18,11.177081
12.9,18,11.21365
1.7,18,11.225421
-7.85,18,11.23379
12.9,18,11.245293
12.45,18,11.254704
12.3,18,11.2646
12.15,18,11.276386
14.45,18,11.284975
-8.35,18,11.294935
-7.35,18,11.304754
-7.3,18,11.314765
-8.4,18,11.326522
14.05,18,11.33524
-8.55,18,11.348111
12.2,18,11.385914
12.8,18,11.400172
13.15,18,11.409925
14.05,18,11.417416
-8.75,18,11.431448
-8.4,18,11.441776
14.7,18,11.45256
-8.5,18,11.462926
13.35,18,11.4726
-6.55,18,11.480611
-8.8,18,11.490983
-8.35,18,11.500121
-6.3,18,11.509195
13.25,18,11.519796
13.85,18,11.569872
12.4,18,11.579801
-7.6,18,11.590144
-7.25,18,11.599926
13.35,18,11.609688
-8.15,18,11.61918
13.15,18,11.627189
-8.25,18,11.637263
12.55,18,11.648415
2.8,18,11.65873
-7.8,18,11.666762
13.1,18,11.678693
-8.5,18,11.689037
1.7,18,11.69943
11.9,18,11.709612
-8.25,18,11.752113
-8.05,18,11.761889
-7.6,18,11.774123
2.85,18,11.783701
13.0,18,11.792044
12.0,18,11.80388
-7.5,18,11.811909
-7.85,18,11.821685
-8.2,18,11.831733
13.55,18,11.840434
13.95,18,11.846444
13.15,18,11.860386
-8.4,18,11.868143
13.0,18,11.878047
12.7,18,11.920141
3.1,18,11.930181
15.3,18,11.938527
12.7,18,11.949409
-8.05,18,11.960453
12.0,18,11.972226
12.6,18,11.979765
-8.6,18,11.989005
-9.1,18,12.00008
-8.6,18,12.008375
2.8,18,12.017802
14.0,18,12.029298
12.2,18,12.039637
12.5,18,12.048151
2.05,18,12.090111
12.4,18,12.100993
12.75,18,12.111279
12.65,18,12.122209
14.1,18,12.132901
-8.3,18,12.143352
-8.55,18,12.152438
12.05,18,12.162474
-8.5,18,12.172509
15.4,18,12.184412
-8.75,18,12.196605
14.6,18,12.207325
-8.85,18,12.217868
13.4,18,12.227406
11.85,18,12.270215
14.6,18,12.279128
-8.7,18,12.290931
14.0,18,12.302509
13.45,18,12.313084
12.6,18,12.323233
-8.4,18,12.331489
2.4,18,12.341445
12.4,18,12.352513
-8.5,18,12.36155
-8.0,18,12.37133
14.45,18,12.385461
-8.75,18,12.393826
14.3,18,12.404393
15.05,18,12.416116
-7.6,18,12.456347
13.9,18,12.466384
14.05,18,12.476161
-8.65,18,12.486829
-8.75,18,12.496862
-8.75,18,12.512394
14.75,18,12.523785
-8.85,18,12.543097
12.9,18,12.556009
-8.55,18,12.566984
12.35,18,12.577596
13.0,18,12.586054
13.3,18,12.591808
15.05,18,12.605586
-8.8,18,12.650148
-8.75,18,12.66016
-7.1,18,12.670172
-8.3,18,12.679362
-8.7,18,12.690952
14.1,18,12.699601
2.05,18,12.712383
13.3,18,12.72658
13.45,18,12.737283
13.9,18,12.745714
-7.95,18,12.755747
-8.15,18,12.7655
13.25,18,12.776732
-7.55,18,12.78574
11.5,18,12.865298
-9.25,18,12.876714
12.2,18,12.887517
-7.05,18,12.894809
-8.55,18,12.904602
-8.9,18,12.91527
12.55,18,12.924762
13.4,18,12.936174
2.8,18,12.945042
-9.1,18,12.95429
11.6,18,12.964301
-8.1,18,12.976061
-8.15,18,12.984992
3.05,18,12.995332
13.0,18,13.036412
-8.05,18,13.046305
-7.95,18,13.056695
13.5,18,13.066176
1.7,18,13.076188
12.75,18,13.088604
11.7,18,13.100914
-8.55,18,13.112972
-8.15,18,13.122879
-9.35,18,13.131237
13.1,18,13.143263
-8.4,18,13.152474
2.7,18,13.163487
14.0,18,13.173237
12.9,18,13.213227
13.15,18,13.224185
-8.1,18,13.234205
-8.85,18,13.244132
12.65,18,13.254068
13.3,18,13.263792
13.95,18,13.273569
-7.45,18,13.284711
-8.5,18,13.296667
12.95,18,13.459229
13.05,18,13.459229
-7.8,18,13.475384
1.9,18,13.484026
-8.25,18,13.492282
12.65,18,13.49514
13.65,18,13.540358
15.25,18,13.549287
12.75,18,13.556774
1.6,18,13.566525
13.35,18,13.574275
13.75,18,13.582754
-8.8,18,13.593767
3.65,18,13.603446
14.5,18,13.616297
-7.95,18,13.625516
-7.1,18,13.635225
11.95,18,13.646277
13.15,18,13.656188
-9.15,18,13.665679
-7.25,18,13.710726
15.85,18,13.718753
-8.35,18,13.731138
2.25,18,13.740526
-6.8,18,13.751494
-7.65,18,13.761459
1.75,18,13.772996
13.8,18,13.781519
-8.0,18,13.793762
-8.65,18,13.805537
-8.85,18,13.817298
3.6,18,13.827311
-8.85,18,13.839498
14.3,18,13.849596
14.0,18,13.892686
1.55,18,13.903085
13.25,18,13.912505
-8.75,18,13.92428
12.4,18,13.934757
12.5,18,13.947017
15.4,18,13.957446
-7.9,18,13.968267
14.15,18,13.978419
-7.55,18,13.987764
-6.8,18,13.995988
-9.0,18,14.003754
12.35,18,14.014654
13.05,18,14.025697
2.05,18,14.068537
-7.9,18,14.079158
-8.05,18,14.087211
-9.05,18,14.09711
-8.55,18,14.106864
-7.0,18,14.118941
-7.4,18,14.129237
12.55,18,14.139319
2.7,18,14.148934
-8.05,18,14.162708
14.15,18,14.171833
-8.6,18,14.182765
14.0,18,14.194021
-8.35,18,14.203676
11.7,18,14.214908
1.7,18,14.260749
-8.15,18,14.278857
12.35,18,14.290827
-6.05,18,14.299033
-8.65,18,14.30877
-9.1,18,14.318805
14.6,18,14.32884
-8.35,18,14.338966
-8.1,18,14.346908
12.75,18,14.354655
-8.65,18,14.364406
-8.65,18,14.375639
14.3,18,14.384698
12.0,18,14.394412
2.0,18,14.434103
-9.2,18,14.446306
2.95,18,14.456052
-8.15,18,14.465803
12.9,18,14.475555
12.85,18,14.484624
-8.1,18,14.495339
12.05,18,14.504619
13.45,18,14.514859
13.45,18,14.524611
13.2,18,14.534839
12.95,18,14.543149
-8.4,18,14.552901
13.95,18,14.562393
12.95,18,14.609838
14.2,18,14.61803
13.15,18,14.629479
1.8,18,14.641927
-7.8,18,14.65216
12.6,18,14.661863
-8.25,18,14.669613
-8.7,18,14.679106
-7.35,18,14.682585
12.85,18,14.698832
12.0,18,14.714877
1.85,18,14.725585
12.4,18,14.734964
-8.55,18,14.743156
12.95,18,14.785718
12.35,18,14.796032
-7.25,18,14.806426
1.9,18,14.818722
13.35,18,14.828425
13.65,18,14.838033
-6.35,18,14.847921
-8.3,18,14.859937
12.15,18,14.86995
12.4,18,14.881447
13.65,18,14.89068
12.15,18,14.902591
13.5,18,14.912964
1.85,18,14.923459
-8.35,18,14.964991
-6.95,18,14.972741
-8.75,18,14.982753
13.85,18,14.993772
-7.7,18,14.997723
-7.9,18,15.014907
2.65,18,15.02488
-8.95,18,15.034796
16.65,18,15.043748
-8.45,18,15.052178
2.85,18,15.064312
-7.6,18,15.073363
13.65,18,15.086469
-7.35,18,15.094395
-8.5,18,15.106302
-8.35,18,15.143897
-8.45,18,15.155224
-6.4,18,15.165579
-9.1,18,15.176811
-8.3,18,15.185534
-8.65,18,15.197626
-8.6,18,15.207024
-8.9,18,15.217059
-7.45,18,15.229345
14.25,18,15.237948
14.7,18,15.246916
12.05,18,15.259359
12.35,18,15.269182
1.95,18,15.280178
-6.35,18,15.319689
-7.55,18,15.329464
14.95,18,15.34116
15.25,18,15.351447
-9.1,18,15.36131
1.8,18,15.371484
15.0,18,15.381544
11.8,18,15.391548
-8.35,18,15.401386
12.75,18,15.411388
12.6,18,15.42114
-8.75,18,15.432895
13.15,18,15.444222
-8.35,18,15.454116
-9.15,18,15.494643
15.15,18,15.506377
1.8,18,15.516123
13.4,18,15.526157
-8.25,18,15.534992
-6.8,18,15.545248
-7.85,18,15.593745
13.25,18,15.633979
12.75,18,15.642143
13.0,18,15.650719
12.6,18,15.65995
14.4,18,15.669697
-7.55,18,15.680293
13.95,18,15.690413
1.85,18,15.728724
-8.6,18,15.738959
13.65,18,15.747594
-7.7,18,15.75663
3.0,18,15.766666
-8.3,18,15.778283
11.75,18,15.78553
12.15,18,15.797626
13.35,18,15.807801
-8.0,18,15.815755
12.8,18,15.825791
11.8,18,15.836869
13.8,18,15.84588
-8.3,18,15.85383
-9.05,18,15.863582
-8.7,18,15.909493
12.65,18,15.918952
-8.3,18,15.930455
1.95,18,15.941602
-9.0,18,15.951073
1.85,18,15.961084
-7.95,18,15.970835
13.35,18,15.980588
12.0,18,15.991514
12.3,18,16.00267
12.65,18,16.012539
12.25,18,16.024019
-8.8,18,16.033971
-8.4,18,16.044161
1.8,18,16.088906
14.35,18,16.09458
13.55,18,16.108358
-8.8,18,16.120113
-7.3,18,16.128829
-6.6,18,16.138829
3.6,18,16.149098
13.1,18,16.158677
13.7,18,16.168687
14.4,18,16.178459
-7.8,18,16.188866
14.1,18,16.199439
-8.95,18,16.212674
4.15,18,16.222428
12.05,18,16.264616
15.8,18,16.274368
1.85,18,16.282419
12.7,18,16.2943
-9.15,18,16.302421
-8.6,18,16.312172
13.2,18,16.320321
-8.85,18,16.330894
2.65,18,16.342277
13.65,18,16.355103
-7.95,18,16.364937
-9.1,18,16.374445
2.45,18,16.384479
13.2,18,16.393601
-7.65,18,16.435833
-7.4,18,16.446712
13.25,18,16.456215
-7.35,18,16.464197
15.25,18,16.475724
13.9,18,16.485415
-8.2,18,16.494496
13.0,18,16.505027
12.2,18,16.51478
13.4,18,16.524009
13.05,18,16.532455
13.35,18,16.544985
-8.4,18,16.555153
-8.45,18,16.566072
15.65,18,16.60502
-7.5,18,16.615697
-8.6,18,16.624826
-8.4,18,16.633898
2.95,18,16.644082
12.6,18,16.655992
-6.95,18,16.665175
12.5,18,16.67633
12.0,18,16.685254
11.8,18,16.694477
-8.45,18,16.704302
13.55,18,16.714337
12.85,18,16.722107
-8.1,18,16.73085
12.75,18,16.742762
13.3,18,16.785412
13.8,18,16.795365
13.15,18,16.805725
-8.95,18,16.81576
-8.55,18,16.825539
-8.65,18,16.83392
13.05,18,16.843793
-9.25,18,16.853907
12.9,18,16.865697
-8.75,18,16.879285
-7.45,18,16.891892
13.2,18,16.903073
12.85,18,16.912648
12.1,18,16.922515
14.4,18,16.960968
13.0,18,16.97072
12.6,18,17.148956
13.65,18,17.156728
12.85,18,17.156728
13.45,18,17.170775
13.35,18,17.170775
-6.95,18,17.185549
-8.55,18,17.193797
13.3,18,17.197637
2.6,18,17.197637
-7.65,18,17.209684
-8.05,18,17.209684
11.95,18,17.232266
-8.95,18,17.267788
-7.65,18,17.277821
-8.75,18,17.287593
12.35,18,17.297058
13.55,18,17.306542
-8.15,18,17.315813
12.15,18,17.325833
3.7,18,17.336831
13.05,18,17.345598
13.0,18,17.355517
-7.3,18,17.365924
12.3,18,17.375347
-8.65,18,17.385916
12.75,18,17.395625
11.95,18,17.44022
13.5,18,17.452641
-8.3,18,17.462757
13.75,18,17.470741
1.8,18,17.482771
13.9,18,17.492713
-8.5,18,17.500945
-8.0,18,17.512978
-9.1,18,17.523597
12.6,18,17.533154
12.1,18,17.545994
-9.0,18,17.556888
12.65,18,17.569283
-8.8,18,17.579293
-8.15,18,17.589433
13.1,18,17.634324
-8.2,18,17.646352
14.05,18,17.666575
12.9,18,17.68389
2.45,18,17.695707
-8.7,18,17.706258
-8.5,18,17.712945
14.05,18,17.725267
2.8,18,17.730887
-8.55,18,17.742917
13.45,18,17.748963
12.35,18,17.762713
1.95,18,17.775574
14.45,18,17.785321
11.75,18,17.827734
13.3,18,17.83813
1.95,18,17.849051
12.55,18,17.858062
14.2,18,17.868786
-7.8,18,17.881374
-8.1,18,17.888378
12.75,18,17.900455
13.5,18,17.912597
12.4,18,17.922445
-8.9,18,17.933585
-7.5,18,17.944036
-6.65,18,17.952333
-7.95,18,17.963852
-9.1,18,18.010408
-8.65,18,18.022823
12.3,18,18.034827
13.55,18,18.04687
11.9,18,18.057771
-9.05,18,18.072787
14.15,18,18.083644
-9.3,18,18.094506
11.9,18,18.106566
-7.6,18,18.117482
-7.2,18,18.128098
-8.55,18,18.136955
-8.85,18,18.150505
13.3,18,18.163269
13.55,18,18.216256
11.85,18,18.227828
-8.75,18,18.239544
12.85,18,18.246964
13.2,18,18.263399
12.5,18,18.271223
13.7,18,18.28973
-8.9,18,18.302858
11.95,18,18.314748
12.75,18,18.366621
12.9,18,18.376639
13.2,18,18.388396
-8.6,18,18.401513
-8.25,18,18.412133
1.9,18,18.455116
13.0,18,18.467277
-8.55,18,18.47716
-7.4,18,18.489373
-8.65,18,18.501103
-8.45,18,18.510592
-8.65,18,18.519334
-8.85,18,18.531452
-8.45,18,18.541941
12.25,18,18.553665
2.0,18,18.563799
-8.2,18,18.574483
-8.2,18,18.585524
-7.15,18,18.59237
-8.4,18,18.609576
11.8,18,18.655652
11.65,18,18.658214
13.0,18,18.673496
12.6,18,18.682248
-8.1,18,18.691259
-8.6,18,18.700487
-9.35,18,18.710414
13.75,18,18.722169
-8.75,18,18.734817
-8.15,18,18.743233
13.05,18,18.754977
14.0,18,18.766931
4.65,18,18.77642
13.95,18,18.7868
-8.85,18,18.830601
2.95,18,18.8418
12.1,18,18.8531
-7.95,18,18.862887
13.35,18,18.874793
13.05,18,18.884995
-8.3,18,18.894686
12.2,18,18.909019
-8.6,18,18.918915
12.25,18,18.925375
-4.95,18,18.937361
-8.65,18,18.951964
-8.0,18,18.961752
1.9,18,18.975542
2.95,18,19.019981
12.85,18,19.036043
-8.7,18,19.046572
-8.3,18,19.060224
-8.1,18,19.070051
-8.35,18,19.082979
-8.55,18,19.094267
14.4,18,19.102598
12.95,18,19.113198
-8.3,18,19.124969
-8.35,18,19.134926
12.0,18,19.14538
5.8,18,19.155422
15.05,18,19.167191
-8.25,18,19.210047
-8.6,18,19.218057
-8.5,18,19.225806
16.75,18,19.233765
-8.35,18,19.243979
12.25,18,19.253255
14.9,18,19.261002
11.9,18,19.275981
13.7,18,19.28496
13.6,18,19.295327
2.85,18,19.306365
-8.35,18,19.315872
-7.35,18,19.326885
12.5,18,19.337313
-9.05,18,19.347379
-7.6,18,19.389664
-8.35,18,19.398509
-8.75,18,19.411926
-8.25,18,19.421991
-8.85,18,19.43048
11.95,18,19.440593
-8.0,18,19.446297
12.25,18,19.459573
12.9,18,19.467582
14.1,18,19.477088
13.55,18,19.488024
13.1,18,19.498973
12.45,18,19.507516
12.65,18,19.515582
-9.15,18,19.552216
-8.2,18,19.560744
-8.9,18,19.568753
14.15,18,19.578277
13.4,18,19.589268
12.65,18,19.601652
15.25,18,19.612185
12.95,18,19.621552
-8.15,18,19.630754
-9.05,18,19.639679
12.35,18,19.645867
13.15,18,19.659574
-8.9,18,19.667603
12.5,18,19.678429
-8.3,18,19.757134
13.0,18,19.767301
2.75,18,19.778519
1.85,18,19.789579
-7.4,18,19.798657
13.45,18,19.80621
-8.3,18,19.818354
1.95,18,19.826654
12.1,18,19.835114
12.15,18,19.848757
12.1,18,19.856145
13.5,18,19.865691
14.1,18,19.875598
13.65,18,19.886241
12.05,18,19.928592
-8.2,18,19.938548
-7.65,18,19.94876
13.2,18,19.958117
12.1,18,19.967427
14.15,18,19.976655
12.25,18,19.987025
-8.5,18,19.997202
1.9,18,20.006954
1.8,18,20.016717
-6.6,18,20.030318
-7.7,18,20.03955
14.2,18,20.051784
13.0,18,20.060413
14.9,18,20.101983
-7.85,18,20.112017
13.1,18,20.121793
-8.55,18,20.136631
13.65,18,20.145002
12.7,18,20.155702
13.3,18,20.1669
16.5,18,20.172965
-7.3,18,20.183873
-8.15,18,20.193289
-8.6,18,20.204182
12.5,18,20.213214
12.2,18,20.223243
14.25,18,20.235493
-7.05,18,20.245672
-7.2,18,20.283448
2.6,18,20.294364
12.4,18,20.304139
13.05,18,20.313913
14.2,18,20.321936
14.0,18,20.330552
-8.15,18,20.342709
14.15,18,20.351813
13.05,18,20.361449
-7.7,18,20.371532
2.55,18,20.381641
-7.8,18,20.391125
12.2,18,20.401501
2.2,18,20.411175
14.35,18,20.452595
1.55,18,20.46455
12.4,18,20.475031
13.05,18,20.485979
12.0,18,20.49398
2.85,18,20.504471
11.75,18,20.514485
11.75,18,20.524017
12.8,18,20.535328
12.15,18,20.545246
-7.8,18,20.554132
11.75,18,20.564537
-8.35,18,20.573608
2.65,18,20.582581
-8.55,18,20.625221
2.15,18,20.635686
-7.85,18,20.645712
12.4,18,20.653458
-6.95,18,20.661208
-7.15,18,20.670441
-7.65,18,20.680459
12.1,18,20.689718
2.8,18,20.700237
-8.55,18,20.861321
13.8,18,20.861321
12.45,18,20.882098
-8.25,18,20.888628
-7.5,18,20.893976
-8.95,18,20.936527
13.35,18,20.946345
-8.05,18,20.956098
-8.65,18,20.965324
-7.55,18,20.974942
-7.6,18,20.98503
12.9,18,20.994204
-8.3,18,21.006348
-9.2,18,21.016491
-8.8,18,21.026521
12.75,18,21.035653
12.45,18,21.04563
1.9,18,21.056915
2.85,18,21.066926
0.9,18,21.074417
-7.7,18,21.117672
12.1,18,21.126633
13.45,18,21.136551
12.2,18,21.142762
-7.75,18,21.154607
-8.4,18,21.164382
2.55,18,21.172408
1.75,18,21.182184
-8.55,18,21.194995
-7.7,18,21.205115
12.1,18,21.217961
12.5,18,21.228061
-8.7,18,21.244202
-7.65,18,21.251635
12.1,18,21.289562
12.05,18,21.307024
12.3,18,21.318021
15.2,18,21.329564
12.1,18,21.339969
-8.8,18,21.35076
-8.35,18,21.358856
-8.75,18,21.370473
14.95,18,21.380226
13.35,18,21.389129
-8.6,18,21.397096
13.6,18,21.405106
-8.75,18,21.4166
12.1,18,21.428615
-9.05,18,21.472528
13.4,18,21.48209
12.95,18,21.492784
-8.75,18,21.502154
13.0,18,21.511906
13.2,18,21.521925
13.8,18,21.530438
-8.5,18,21.544056
-8.35,18,21.554685
-8.65,18,21.565048
13.3,18,21.574998
-6.5,18,21.585064
13.0,18,21.595377
1.85,18,21.604945
-8.65,18,21.644475
13.05,18,21.65404
12.6,18,21.663768
12.0,18,21.674779
14.2,18,21.685034
14.2,18,21.694037
13.85,18,21.703853
13.35,18,21.717408
15.45,18,21.731657
2.15,18,21.74253
14.0,18,21.758913
1.75,18,21.773704
11.5,18,21.787167
12.5,18,21.797111
13.25,18,21.846629
-6.3,18,21.864953
13.7,18,21.881971
-7.25,18,21.895415
14.45,18,21.907423
-7.3,18,21.920917
13.65,18,21.930592
12.65,18,21.943634
-9.25,18,21.962537
15.65,18,21.976252
12.65,18,21.987176
4.8,18,21.997074
13.15,18,21.997074
-7.85,18,22.019368
13.65,18,22.029124
2.15,18,22.081966
12.05,18,22.094225
12.7,18,22.107911
12.8,18,22.117668
11.9,18,22.129687
13.25,18,22.142505
13.05,18,22.153702
14.8,18,22.163695
1.85,18,22.177475
14.85,18,22.192125
2.5,18,22.205194
-7.35,18,22.216438
-8.3,18,22.230224
-8.85,18,22.241701
-8.5,18,22.295323
13.45,18,22.30839
14.0,18,22.320115
13.35,18,22.332253
12.85,18,22.346299
-8.6,18,22.360104
13.05,18,22.371899
12.2,18,22.387769
1.05,18,22.403105
12.7,18,22.458237
4.3,18,22.470422
12.9,18,22.483604
-9.15,18,22.501276
15.15,18,22.506834
12.2,18,22.564023
-8.25,18,22.583366
13.3,18,22.60238
12.35,18,22.620214
12.7,18,22.632919
13.8,18,22.645499
-8.35,18,22.657682
3.2,18,22.669443
12.0,18,22.681882
13.05,18,22.695327
-8.5,18,22.707246
-9.2,18,22.721268
-8.35,18,22.733649
13.65,18,22.748852
-9.15,18,22.800983
-8.2,18,22.816351
12.1,18,22.830847
2.55,18,22.845503
-6.3,18,22.858332
1.6,18,22.872653
12.05,18,22.883093
14.45,18,22.897679
2.65,18,22.908319
-8.3,18,22.924385
12.3,18,22.93596
12.4,18,22.954735
13.5,18,22.967214
12.85,18,22.979925
-8.95,18,22.996969
12.15,18,23.057801
12.5,18,23.073753
13.45,18,23.092049
14.1,18,23.103693
14.25,18,23.113708
2.45,18,23.125467
-8.05,18,23.142426
12.7,18,23.1578
15.4,18,23.168831
-8.55,18,23.18195
-8.85,18,23.195002
12.3,18,23.208764
13.1,18,23.222527
12.45,18,23.23336
13.6,18,23.311453
-8.6,18,23.325182
13.2,18,23.337704
-8.3,18,23.355019
13.0,18,23.368324
-8.1,18,23.382086
12.5,18,23.397684
13.4,18,23.40325
2.95,18,23.424695
-7.9,18,23.437535
2.05,18,23.452182
14.0,18,23.464145
12.2,18,23.484102
-8.4,18,23.498536
2.6,18,23.550155
-8.65,18,23.56181
-9.05,18,23.578252
12.45,18,23.592655
-9.5,18,23.605093
-7.65,18,23.61695
-8.1,18,23.637463
1.6,18,23.650003
-7.15,18,23.663671
12.25,18,23.671375
1.55,18,23.69202
12.6,18,23.705895
-8.2,18,23.718108
12.05,18,23.732187
1.85,18,23.783252
12.35,18,23.821126
-8.9,18,23.833282
12.55,18,23.846308
1.8,18,23.859734
-8.25,18,23.874435
13.35,18,23.886972
-7.1,18,23.90061
11.65,18,23.918666
-8.4,18,23.931086
13.45,18,23.944383
1.9,18,23.971166
13.05,18,23.978773
12.0,18,23.999248
-8.8,18,24.053219
-8.9,18,24.069492
-8.1,18,24.087799
11.9,18,24.111216
-8.6,18,24.136332
12.35,18,24.148379
13.35,18,24.165207
12.25,18,24.177225
12.9,18,24.191204
12.1,18,24.204318
-6.7,18,24.216736
-8.25,18,24.228524
-7.35,18,24.245516
12.75,18,24.257581
13.45,18,24.269745
-8.8,18,24.327612
12.35,18,24.348257
-8.45,18,24.366582
-7.7,18,24.383512
13.65,18,24.39685
12.95,18,24.410128
12.6,18,24.421351
12.5,18,24.438105
12.5,18,24.450669
3.15,18,24.463589
-8.3,18,24.476943
-8.85,18,24.487835
-8.6,18,24.501878
-8.9,18,24.50989
12.7,18,24.591559
-7.25,18,24.609015
-8.55,18,24.621032
12.35,18,24.633215
12.95,18,24.645293
-7.25,18,24.66193
2.0,18,24.676487
14.05,18,24.68967
-8.4,18,24.701441
2.45,18,24.713135
12.5,18,24.725217
13.25,18,24.738281
2.8,18,24.749587
-9.25,18,24.766884
12.05,18,24.85028
1.65,18,24.867114
-8.8,18,24.883863
-7.85,18,24.899864
12.3,18,24.915041
13.2,18,24.926813
-7.6,18,24.938909
12.35,18,24.952588
2.95,18,24.966606
-8.3,18,24.979456
-8.6,18,24.995013
2.9,18,25.010192
13.9,18,25.023223
13.05,18,25.036622
12.1,18,25.093771
-8.9,18,25.11942
2.0,18,25.140318
12.65,18,25.194417
-7.95,18,25.20679
15.4,18,25.222313
-8.4,18,25.236793
-8.8,18,25.247479
-8.1,18,25.263196
13.7,18,25.275598
11.95,18,25.288125
13.0,18,25.29994
12.95,18,25.307209
-8.65,18,25.322032
-8.55,18,25.334209
-8.3,18,25.411794
12.25,18,25.428149
12.85,18,25.712013
14.85,18,25.72563
-8.45,18,25.74224
-8.4,18,25.762511
-7.65,18,25.779162
14.15,18,25.799104
-7.1,18,25.815232
-8.2,18,25.830186
3.55,18,25.845273
12.5,18,25.86115
-9.1,18,25.875566
-7.25,18,25.895763
12.0,18,26.080254
13.15,18,26.096118
-7.55,18,26.109828
-8.2,18,26.1238
-8.35,18,26.140232
3.7,18,26.154182
-7.9,18,26.166319
13.6,18,26.182476
11.9,18,26.198639
-7.75,18,26.218929
13.95,18,26.232705
-8.25,18,26.249233
-8.55,18,26.263024
2.6,18,26.283612
2.0,18,26.356857
-7.55,18,26.370473
-7.95,18,26.383434
13.0,18,26.403614
1.75,18,26.418916
-8.8,18,26.433095
1.7,18,26.445101
12.4,18,26.457518
13.0,18,26.47211
12.65,18,26.483572
12.0,18,26.49646
13.5,18,26.520218
11.85,18,26.532075
-8.4,18,26.548002
-7.6,18,26.60276
12.6,18,26.625942
11.7,18,26.640655
12.2,18,26.653084
-8.4,18,26.665806
-8.6,18,26.681552
3.9,18,26.693649
-8.4,18,26.707868
12.55,18,26.721704
12.7,18,26.736671
-8.75,18,26.748196
-8.6,18,26.761701
-8.35,18,26.777407
-8.6,18,26.790812
-7.65,18,26.841389
-8.9,18,26.863304
1.75,18,26.875158
-8.45,18,26.887785
15.05,18,26.901438
-8.1,18,26.915203
-7.15,18,26.928477
-9.2,18,26.95068
13.8,18,26.964862
-8.35,18,26.979529
12.75,18,26.993939
13.8,18,27.007534
2.05,18,27.023823
-7.6,18,27.043031
-7.6,18,27.052514
12.55,18,27.105488
-6.5,18,27.117557
-7.25,18,27.132774
13.8,18,27.158478
-7.55,18,27.17245
-9.0,18,27.187381
-8.35,18,27.20267
12.95,18,27.215264
13.15,18,27.228304
2.25,18,27.243123
-8.9,18,27.263195
-6.6,18,27.29268
12.35,18,27.300149
12.35,18,27.312161
-8.45,18,27.375962
-8.65,18,27.390826
-9.0,18,27.407033
1.9,18,27.422832
14.1,18,27.437053
-8.8,18,27.447217
2.7,18,27.463267
-8.5,18,27.481527
12.0,18,27.508163
12.35,18,27.554179
-8.6,18,27.564873
13.4,18,27.58461
13.65,18,27.596627
-9.0,18,27.620959
-9.25,18,27.691646
13.35,18,27.717442
-8.05,18,27.732343
-8.65,18,27.74775
12.05,18,27.762346
-8.8,18,27.780745
-7.75,18,27.795181
13.6,18,27.818857
-8.45,18,27.839041
-7.35,18,27.859227
15.1,18,27.875215
12.9,18,27.893569
13.25,18,27.905402
1.95,18,27.927305
13.65,18,27.994636
12.7,18,28.008731
13.15,18,28.020784
-7.8,18,28.041191
-6.55,18,28.063209
13.85,18,28.077307
13.35,18,28.09265
-9.2,18,28.105455
-9.0,18,28.120819
12.9,18,28.13419
1.8,18,28.154463
13.8,18,28.176647
-5.75,18,28.190848
2.85,18,28.203295
12.65,18,28.213419
-8.6,18,28.306181
-8.55,18,28.319606
13.0,18,28.334027
-8.4,18,28.348241
13.1,18,28.370227
13.0,18,28.396611
-8.45,18,28.409945
1.75,18,28.427034
12.65,18,28.443643
13.05,18,28.458615
-7.7,18,28.489963
-8.5,18,28.504423
12.75,18,28.519314
-8.35,18,28.535938
3.45,18,28.608589
14.85,18,28.624825
-7.8,18,28.63781
11.85,18,28.651058
12.15,18,28.663194
-7.95,18,28.676631
11.9,18,28.697652
12.65,18,28.711685
-8.85,18,28.725715
2.75,18,28.739604
2.5,18,28.755509
-7.25,18,28.772403
-7.35,18,28.786972
15.35,18,28.803548
11.5,18,28.867546
15.0,18,28.879652
12.3,18,28.893429
-7.5,18,28.908681
2.75,18,28.923621
-7.2,18,28.93729
-7.85,18,28.949235
-7.4,18,28.966281
2.75,18,28.982055
12.0,18,28.997315
13.2,18,29.014014
13.05,18,29.026048
-8.3,18,29.040731
11.85,18,29.057722
13.8,18,29.129849
-9.05,18,29.143711
-8.75,18,29.160198
-8.4,18,29.172931
2.95,18,29.193107
-8.35,18,29.207012
-8.6,18,29.228808
2.75,18,29.243945
12.75,18,29.258581
-8.35,18,29.272836
-8.5,18,29.285489
2.7,18,29.295356
-9.0,18,29.311627
-7.8,18,29.329878
-8.9,18,29.387549
12.85,18,29.402021
-8.75,18,29.416107
14.95,18,29.433176
13.05,18,29.446815
-8.15,18,29.463101
-8.75,18,29.47629
1.45,18,29.493395
3.55,18,29.506739
12.25,18,29.528179
11.9,18,29.546385
12.95,18,29.562131
-8.45,18,29.577945
-7.5,18,29.590817
-8.1,18,29.603873
12.95,18,29.677784
-7.5,18,29.69124
12.2,18,29.706937
13.55,18,29.729812
12.15,18,29.75548
-9.0,18,29.77475
-8.1,18,29.789
12.15,18,29.80583
13.1,18,29.820718
-8.85,18,29.835376
-6.9,18,29.850369
-7.25,18,29.865034
1.9,18,29.878202
-8.55,18,29.889576
13.4,18,29.993169
12.4,18,30.006266
13.15,18,30.022057
-8.2,18,30.033827
13.2,18,30.051174
12.0,18,30.062078
13.3,18,30.086912
3.75,18,30.102428
12.6,18,30.115827
13.7,18,30.131005
-7.95,18,30.147221
-6.45,18,30.16219
-7.75,18,30.179739
12.9,18,30.191606
13.25,18,30.2485
-8.85,18,30.264427
-6.7,18,30.277076
2.6,18,30.294069
-8.45,18,30.31276
2.05,18,30.327342
-7.9,18,30.344428
-9.05,18,30.358101
-6.9,18,30.372266
-9.0,18,30.385546
-6.2,18,30.397792
17.0,18,30.415747
13.95,18,30.43186
-8.7,18,30.44601
2.65,18,30.502704
-9.1,18,30.519601
12.45,18,30.541974
12.1,18,30.556569
2.0,18,30.570178
11.55,18,30.586023
-8.1,18,30.6058
-8.25,18,30.621978
-8.55,18,30.644967
-7.55,18,30.661094
-8.45,18,30.677327
-8.3,18,30.694776
11.95,18,30.700672
-5.7,18,30.718813
-7.55,18,30.729767
-8.55,18,30.798328
-8.3,18,30.813833
-8.15,18,30.827752
13.1,18,30.838769
13.05,18,30.861278
-6.25,18,30.875783
12.95,18,30.893295
13.75,18,30.907147
12.9,18,30.919236
-9.7,18,30.935997
-8.5,18,30.949532
-7.35,18,30.963646
12.65,18,30.981129
-6.9,18,30.992093
12.85,18,31.044791
13.1,18,31.062099
-8.9,18,31.075928
-8.95,18,31.105455
13.6,18,31.117805
2.05,18,31.131437
-8.1,18,31.149042
12.0,18,31.16397
-8.15,18,31.178725
-6.5,18,31.194645
-8.75,18,31.428934
-8.75,18,31.445633
-8.3,18,31.458472
2.35,18,31.47025
14.3,18,31.536259
-8.95,18,31.559964
12.1,18,31.578314
14.05,18,31.591493
14.7,18,31.60593
1.5,18,31.622098
-7.75,18,31.640285
2.6,18,31.653093
-8.15,18,31.667138
2.3,18,31.682415
13.65,18,31.699933
1.35,18,31.713223
12.65,18,31.725176
-8.45,18,31.74191
2.65,18,31.797546
-8.05,18,31.808147
14.2,18,31.826663
-7.55,18,31.843148
-8.3,18,31.859939
-8.9,18,31.878108
-8.25,18,31.888839
12.8,18,31.906515
13.95,18,31.921232
-7.85,18,31.936391
-8.55,18,31.956514
-7.35,18,31.972211
-7.95,18,31.987974
12.3,18,31.989787
-7.5,18,32.05547
-7.25,18,32.071151
-7.45,18,32.088345
-7.65,18,32.101749
12.2,18,32.118222
12.75,18,32.134577
-8.25,18,32.148413
13.7,18,32.168704
12.0,18,32.18181
-7.75,18,32.198107
-8.35,18,32.210532
14.3,18,32.228759
12.45,18,32.238701
12.25,18,32.252522
12.0,18,32.260816
-8.1,18,32.331727
-8.95,18,32.341669
13.05,18,32.361192
12.45,18,32.377565
-8.7,18,32.395543
16.2,18,32.41093
12.7,18,32.42342
-8.5,18,32.440798
12.85,18,32.447389
-7.65,18,32.472359
13.0,18,32.491128
2.85,18,32.508746
12.05,18,32.523687
13.75,18,32.535637
12.9,18,32.590405
-8.3,18,32.603737
-6.6,18,32.618175
13.5,18,32.632558
-9.15,18,32.644625
12.6,18,32.66057
14.8,18,32.676593
12.2,18,32.688839
12.65,18,32.708498
11.9,18,32.724868
-9.1,18,32.741583
13.75,18,32.75886
13.4,18,32.767243
13.3,18,32.784154
13.7,18,32.842947
-7.85,18,32.856535
11.65,18,32.870478
12.1,18,32.881008
-7.95,18,32.896885
-7.5,18,32.912612
-8.6,18,32.929935
12.4,18,32.946492
12.8,18,32.961796
13.2,18,32.975897
-8.55,18,32.990078
-7.55,18,33.00469
11.95,18,33.018036
13.25,18,33.036506
-8.5,18,33.094125
-7.55,18,33.108677
-8.3,18,33.124939
-8.45,18,33.141589
-8.35,18,33.157252
12.25,18,33.171872
-7.3,18,33.186022
-8.4,18,33.195923
12.0,18,33.215181
-8.7,18,33.228723
12.1,18,33.245304
-9.15,18,33.261383
13.25,18,33.274879
-7.65,18,33.28904
-8.6,18,33.30054
14.05,18,33.361147
-8.45,18,33.377927
12.6,18,33.391561
13.6,18,33.405471
-8.1,18,33.415567
-7.4,18,33.433911
1.95,18,33.449668
13.0,18,33.465486
12.4,18,33.480661
2.75,18,33.494352
-8.4,18,33.50643
14.7,18,33.522261
-6.6,18,33.537049
-7.25,18,33.554767
-8.55,18,33.616071
-8.75,18,33.627911
-8.9,18,33.646518
13.3,18,33.662002
-8.7,18,33.679426
12.35,18,33.695247
-7.4,18,33.709137
13.9,18,33.723445
13.55,18,33.735674
3.0,18,33.747604
13.6,18,33.765168
12.1,18,33.780839
12.25,18,33.797416
-8.7,18,33.810438
2.55,18,33.862479
-9.0,18,33.874239
14.55,18,33.892982
2.05,18,33.908688
13.0,18,33.923122
1.4,18,33.936655
-8.55,18,33.949431
1.55,18,33.962759
12.7,18,33.973681
-8.3,18,33.990266
-8.4,18,34.003825
12.4,18,34.015527
13.4,18,34.034478
-8.05,18,34.048267
12.5,18,34.109394
2.25,18,34.13218
14.5,18,34.147271
14.95,18,34.161558
13.45,18,34.175647
-7.8,18,34.193675
-8.65,18,34.210851
12.35,18,34.226335
12.2,18,34.243199
12.35,18,34.259082
3.6,18,34.271144
-8.95,18,34.291444
12.0,18,34.30704
12.3,18,34.32052
14.1,18,34.372279
13.2,18,34.390985
12.15,18,34.405032
1.9,18,34.420647
14.55,18,34.43849
12.8,18,34.457308
2.05,18,34.468749
14.0,18,34.481343
1.75,18,34.499043
-8.6,18,34.511689
13.45,18,34.52968
12.2,18,34.544228
-9.4,18,34.559681
14.45,18,34.573865
-7.5,18,34.584323
-8.45,18,34.692662
13.2,18,34.706981
-7.35,18,34.719059
2.1,18,34.735017
-7.7,18,34.748009
-8.95,18,34.761775
14.05,18,34.77919
-8.3,18,34.796127
-7.5,18,34.808325
12.2,18,34.823822
-9.6,18,34.838459
-8.35,18,34.850641
13.85,18,34.865347
12.5,18,34.878135
-9.2,18,34.972441
14.25,18,34.990265
1.6,18,35.006173
14.65,18,35.021315
12.65,18,35.038831
12.6,18,35.052708
13.1,18,35.068394
12.5,18,35.083064
13.0,18,35.098194
12.35,18,35.111077
3.0,18,35.125706
-8.5,18,35.155559
-8.65,18,35.159358
12.85,18,35.175197
13.15,18,35.242396
-8.15,18,35.264743
1.85,18,35.280817
12.45,18,35.296129
12.8,18,35.313023
13.15,18,35.329528
12.2,18,35.344082
-6.95,18,35.359529
-7.4,18,35.375149
13.4,18,35.390217
-9.05,18,35.40448
-8.7,18,35.418003
14.7,18,35.432316
-7.75,18,35.445629
-8.3,18,35.498334
-7.7,18,35.512386
11.85,18,35.5273
14.0,18,35.544432
-8.25,18,35.559869
12.0,18,35.575408
-7.9,18,35.589809
-8.1,18,35.595873
-7.85,18,35.619833
-8.5,18,35.632288
-8.2,18,35.651843
11.75,18,35.667215
13.75,18,35.680757
-7.6,18,35.692814
-7.05,18,35.7046
13.05,18,35.759873
13.3,18,35.775166
13.3,18,35.789858
-8.45,18,35.805394
12.1,18,35.820251
12.8,18,35.832335
-7.15,18,35.848434
-8.45,18,35.865191
2.05,18,35.880265
12.15,18,35.893235
-9.0,18,35.908951
12.05,18,35.922862
13.9,18,35.937202
14.9,18,35.947449
1.45,18,36.006065
12.25,18,36.023702
-8.6,18,36.03747
-8.15,18,36.086989
13.9,18,36.10113
-8.35,18,36.116837
14.1,18,36.128854
-6.15,18,36.141339
2.65,18,36.147385
-7.4,18,36.167472
12.15,18,36.182759
14.8,18,36.195919
-7.55,18,36.207936
-7.55,18,36.214049
13.05,18,36.275882
1.7,18,36.290491
2.9,18,36.305789
-7.35,18,36.319209
-8.25,18,36.332929
13.05,18,36.34721
12.05,18,36.360517
-7.75,18,36.374279
-8.75,18,36.389736
-8.25,18,36.408496
-8.65,18,36.423579
11.95,18,36.438215
-8.0,18,36.452028
1.95,18,36.464364
12.35,18,36.523692
14.5,18,36.536965
14.8,18,36.551135
-8.2,18,36.566761
-8.8,18,36.802606
-8.8,18,36.814349
-7.6,18,36.826602
12.4,18,36.84351
13.55,18,36.856525
-7.8,18,36.864895
1.55,18,36.868624
-8.5,18,36.88915
-7.4,18,36.892999
1.7,18,36.904889
